<?xml version="1.0" encoding="UTF-8"?>
<manifest identifier="man00001" xmlns:bb="http://www.blackboard.com/content-packaging/"><organizations default="toc00001"><organization identifier="toc00001"><item identifier="itm00001" identifierref="res00004"><title>COURSE_DEFAULT.Announcements.APPLICATION.label</title></item><item identifier="itm00002" identifierref="res00005"><title>Agenda</title></item><item identifier="itm00003" identifierref="res00006"><title>1: Sharing Resources</title><item identifier="itm00008" identifierref="res00030"><title>The Logic of "Our" Arguments</title></item><item identifier="itm00009" identifierref="res00031"><title>Examples of Embedded RSS</title></item><item identifier="itm00010" identifierref="res00032"><title>Diigo bookmarks of this session's examples (embedded with RSSinclude)</title></item><item identifier="itm00011" identifierref="res00033"><title>RSS Embedding Tools (embedded with Yahoo Pipes)</title></item></item><item identifier="itm00004" identifierref="res00007"><title>2: Information Overload</title><item identifier="itm00012" identifierref="res00034"><title>Filter Failure Resources</title></item></item><item identifier="itm00005" identifierref="res00008"><title>4: Collaborative Work</title><item identifier="itm00013" identifierref="res00035"><title>Faculty as Technology Users</title></item><item identifier="itm00014" identifierref="res00036"><title>LMS Requirements</title></item><item identifier="itm00015" identifierref="res00037"><title>Resources for Thinking About LMSes</title></item></item><item identifier="itm00006" identifierref="res00009"><title>5. Peer-to-Peer Collaboration</title><item identifier="itm00016" identifierref="res00038"><title>Introduction to Google Drive</title></item><item identifier="itm00017" identifierref="res00039"><title>Introduction to PBworks</title></item><item identifier="itm00018" identifierref="res00040"><title>Introduction to Evernote</title></item></item><item identifier="itm00007" identifierref="res00010"><title>Session Notes</title></item></organization></organizations><resources><resource bb:file="res00001.dat" bb:title="PLG: Current Trends in Academic Technology" identifier="res00001" type="course/x-bb-coursesetting" xml:base="res00001"/><resource bb:file="res00002.dat" bb:title="Course Application Settings" identifier="res00002" type="course/x-bb-courseappsetting" xml:base="res00002"/><resource bb:file="res00003.dat" bb:title="Course Navigation Settings" identifier="res00003" type="course/x-bb-coursenavsetting" xml:base="res00003"/><resource bb:file="res00011.dat" bb:title="Content Handler Data" identifier="res00011" type="course/x-bb-contenthandler" xml:base="res00011"/><resource bb:file="res00012.dat" bb:title="Thursday: Final PLG of the Year" identifier="res00012" type="resource/x-bb-announcement" xml:base="res00012"/><resource bb:file="res00013.dat" bb:title="Last Session" identifier="res00013" type="resource/x-bb-announcement" xml:base="res00013"/><resource bb:file="res00014.dat" bb:title="2/28 Meeting" identifier="res00014" type="resource/x-bb-announcement" xml:base="res00014"/><resource bb:file="res00015.dat" bb:title="1/18 Optional Session" identifier="res00015" type="resource/x-bb-announcement" xml:base="res00015"/><resource bb:file="res00016.dat" bb:title="Prep for Thursday: Peer-to-Peer Collaboration" identifier="res00016" type="resource/x-bb-announcement" xml:base="res00016"/><resource bb:file="res00017.dat" bb:title="PLG Feedback - Survey" identifier="res00017" type="resource/x-bb-announcement" xml:base="res00017"/><resource bb:file="res00018.dat" bb:title="PLG Feedback - Survey" identifier="res00018" type="resource/x-bb-announcement" xml:base="res00018"/><resource bb:file="res00019.dat" bb:title="For Thursday" identifier="res00019" type="resource/x-bb-announcement" xml:base="res00019"/><resource bb:file="res00020.dat" bb:title="The Shifting Sands of Our Schedule" identifier="res00020" type="resource/x-bb-announcement" xml:base="res00020"/><resource bb:file="res00021.dat" bb:title="Optional PLG Session on 11/5 (NOT today)" identifier="res00021" type="resource/x-bb-announcement" xml:base="res00021"/><resource bb:file="res00022.dat" bb:title="Minor Thought re: Web Tools" identifier="res00022" type="resource/x-bb-announcement" xml:base="res00022"/><resource bb:file="res00023.dat" bb:title="Thank you!" identifier="res00023" type="resource/x-bb-announcement" xml:base="res00023"/><resource bb:file="res00024.dat" bb:title="Prep for Thursday: Information Overload" identifier="res00024" type="resource/x-bb-announcement" xml:base="res00024"/><resource bb:file="res00025.dat" bb:title="Monday Optional Session" identifier="res00025" type="resource/x-bb-announcement" xml:base="res00025"/><resource bb:file="res00026.dat" bb:title="Optional Session" identifier="res00026" type="resource/x-bb-announcement" xml:base="res00026"/><resource bb:file="res00027.dat" bb:title="Agenda to follow..." identifier="res00027" type="resource/x-bb-announcement" xml:base="res00027"/><resource bb:file="res00028.dat" bb:title="For Session 1" identifier="res00028" type="resource/x-bb-announcement" xml:base="res00028"/><resource bb:file="res00029.dat" bb:title="Conferences" identifier="res00029" type="resource/x-bb-conference" xml:base="res00029"/><resource bb:file="res00041.dat" bb:title="Gradebook" identifier="res00041" type="course/x-bb-gradebook" xml:base="res00041"/><resource bb:file="res00042.dat" bb:title="Collaboration Sessions" identifier="res00042" type="course/x-bb-collabsession" xml:base="res00042"/><resource bb:file="res00004.dat" bb:title="COURSE_DEFAULT.Announcements.APPLICATION.label" identifier="res00004" type="course/x-bb-coursetoc" xml:base="res00004"/><resource bb:file="res00005.dat" bb:title="Agenda" identifier="res00005" type="course/x-bb-coursetoc" xml:base="res00005"/><resource bb:file="res00006.dat" bb:title="1: Sharing Resources" identifier="res00006" type="course/x-bb-coursetoc" xml:base="res00006"/><resource bb:file="res00030.dat" bb:title="The Logic of &quot;Our&quot; Arguments" identifier="res00030" type="resource/x-bb-document" xml:base="res00030"/><resource bb:file="res00031.dat" bb:title="Examples of Embedded RSS" identifier="res00031" type="resource/x-bb-document" xml:base="res00031"/><resource bb:file="res00032.dat" bb:title="Diigo bookmarks of this session's examples (embedded with RSSinclude)" identifier="res00032" type="resource/x-bb-document" xml:base="res00032"/><resource bb:file="res00033.dat" bb:title="RSS Embedding Tools (embedded with Yahoo Pipes)" identifier="res00033" type="resource/x-bb-document" xml:base="res00033"/><resource bb:file="res00007.dat" bb:title="2: Information Overload" identifier="res00007" type="course/x-bb-coursetoc" xml:base="res00007"/><resource bb:file="res00034.dat" bb:title="Filter Failure Resources" identifier="res00034" type="resource/x-bb-document" xml:base="res00034"/><resource bb:file="res00008.dat" bb:title="4: Collaborative Work" identifier="res00008" type="course/x-bb-coursetoc" xml:base="res00008"/><resource bb:file="res00035.dat" bb:title="Faculty as Technology Users" identifier="res00035" type="resource/x-bb-document" xml:base="res00035"><file href="2012-12-09 Faculty as Technology Users.pdf"/></resource><resource bb:file="res00036.dat" bb:title="LMS Requirements" identifier="res00036" type="resource/x-bb-document" xml:base="res00036"><file href="2012-12-09 LMS Requirements.pdf"/></resource><resource bb:file="res00037.dat" bb:title="Resources for Thinking About LMSes" identifier="res00037" type="resource/x-bb-document" xml:base="res00037"/><resource bb:file="res00009.dat" bb:title="5. Peer-to-Peer Collaboration" identifier="res00009" type="course/x-bb-coursetoc" xml:base="res00009"/><resource bb:file="res00038.dat" bb:title="Introduction to Google Drive" identifier="res00038" type="resource/x-bb-document" xml:base="res00038"/><resource bb:file="res00039.dat" bb:title="Introduction to PBworks" identifier="res00039" type="resource/x-bb-document" xml:base="res00039"/><resource bb:file="res00040.dat" bb:title="Introduction to Evernote" identifier="res00040" type="resource/x-bb-document" xml:base="res00040"/><resource bb:file="res00010.dat" bb:title="Session Notes" identifier="res00010" type="course/x-bb-coursetoc" xml:base="res00010"/></resources></manifest>
