<?xml version="1.0" encoding="UTF-8"?>
<manifest identifier="man00001" xmlns:bb="http://www.blackboard.com/content-packaging/"><organizations default="toc00001"><organization identifier="toc00001"><item identifier="itm00001" identifierref="res00004"><title>COURSE_DEFAULT.Announcements.APPLICATION.label</title></item><item identifier="itm00002" identifierref="res00005"><title>Google Code Repository</title></item><item identifier="itm00003" identifierref="res00006"><title>Wiki</title></item><item identifier="itm00004" identifierref="res00007"><title>COURSE_DEFAULT.CourseInformation.CONTENT_LINK.label</title><item identifier="itm00006" identifierref="res00019"><title>First Day Sheet</title></item></item><item identifier="itm00005" identifierref="res00008"><title>COURSE_DEFAULT.Tools.APPLICATION.label</title></item></organization></organizations><resources><resource bb:file="res00001.dat" bb:title="2008-2009 Application Design" identifier="res00001" type="course/x-bb-coursesetting" xml:base="res00001"/><resource bb:file="res00002.dat" bb:title="Course Application Settings" identifier="res00002" type="course/x-bb-courseappsetting" xml:base="res00002"/><resource bb:file="res00003.dat" bb:title="Course Navigation Settings" identifier="res00003" type="course/x-bb-coursenavsetting" xml:base="res00003"/><resource bb:file="res00009.dat" bb:title="Content Handler Data" identifier="res00009" type="course/x-bb-contenthandler" xml:base="res00009"/><resource bb:file="res00010.dat" bb:title="Class on Thursday" identifier="res00010" type="resource/x-bb-announcement" xml:base="res00010"/><resource bb:file="res00011.dat" bb:title="Math Puzzler" identifier="res00011" type="resource/x-bb-announcement" xml:base="res00011"/><resource bb:file="res00012.dat" bb:title="This is a test" identifier="res00012" type="resource/x-bb-announcement" xml:base="res00012"/><resource bb:file="res00013.dat" bb:title="Friday REupdate" identifier="res00013" type="resource/x-bb-announcement" xml:base="res00013"/><resource bb:file="res00014.dat" bb:title="Friday Update" identifier="res00014" type="resource/x-bb-announcement" xml:base="res00014"/><resource bb:file="res00015.dat" bb:title="Jonathan Jackson in class on Monday" identifier="res00015" type="resource/x-bb-announcement" xml:base="res00015"/><resource bb:file="res00016.dat" bb:title="Robotics Group in Bemis 6-7" identifier="res00016" type="resource/x-bb-announcement" xml:base="res00016"/><resource bb:file="res00017.dat" bb:title="Chart Posted" identifier="res00017" type="resource/x-bb-announcement" xml:base="res00017"/><resource bb:file="res00018.dat" bb:title="Conferences" identifier="res00018" type="resource/x-bb-conference" xml:base="res00018"/><resource bb:file="res00020.dat" bb:title="Gradebook" identifier="res00020" type="course/x-bb-gradebook" xml:base="res00020"/><resource bb:file="res00021.dat" bb:title="Collaboration Sessions" identifier="res00021" type="course/x-bb-collabsession" xml:base="res00021"/><resource bb:file="res00004.dat" bb:title="COURSE_DEFAULT.Announcements.APPLICATION.label" identifier="res00004" type="course/x-bb-coursetoc" xml:base="res00004"/><resource bb:file="res00005.dat" bb:title="Google Code Repository" identifier="res00005" type="course/x-bb-coursetoc" xml:base="res00005"/><resource bb:file="res00006.dat" bb:title="Wiki" identifier="res00006" type="course/x-bb-coursetoc" xml:base="res00006"/><resource bb:file="res00007.dat" bb:title="COURSE_DEFAULT.CourseInformation.CONTENT_LINK.label" identifier="res00007" type="course/x-bb-coursetoc" xml:base="res00007"/><resource bb:file="res00019.dat" bb:title="First Day Sheet" identifier="res00019" type="resource/x-bb-document" xml:base="res00019"><file href="First Day Sheet.pdf"/></resource><resource bb:file="res00008.dat" bb:title="COURSE_DEFAULT.Tools.APPLICATION.label" identifier="res00008" type="course/x-bb-coursetoc" xml:base="res00008"/></resources></manifest>
